耐毒の護石Ⅰ,0
耐毒の護石Ⅱ,0
耐毒の護石Ⅲ,0
攻撃の護石Ⅰ,0
攻撃の護石Ⅱ,0
攻撃の護石Ⅲ,0
攻撃の護石Ⅳ,0
攻撃の護石Ⅴ,0
防御の護石Ⅰ,0
防御の護石Ⅱ,0
防御の護石Ⅲ,0
防御の護石Ⅳ,0
防御の護石Ⅴ,0
耐痺の護石Ⅰ,0
耐痺の護石Ⅱ,0
耐痺の護石Ⅲ,0
耐眠の護石Ⅰ,0
耐眠の護石Ⅱ,0
耐眠の護石Ⅲ,0
耐絶の護石Ⅰ,0
耐絶の護石Ⅱ,0
耐絶の護石Ⅲ,0
防風の護石Ⅰ,0
防風の護石Ⅱ,0
防風の護石Ⅲ,0
防風の護石Ⅳ,0
防風の護石Ⅴ,0
体力の護石Ⅰ,0
体力の護石Ⅱ,0
体力の護石Ⅲ,0
治癒の護石Ⅰ,0
治癒の護石Ⅱ,0
治癒の護石Ⅲ,0
耐火の護石Ⅰ,0
耐火の護石Ⅱ,0
耐火の護石Ⅲ,0
耐水の護石Ⅰ,0
耐水の護石Ⅱ,0
耐水の護石Ⅲ,0
耐雷の護石Ⅰ,0
耐雷の護石Ⅱ,0
耐雷の護石Ⅲ,0
火炎の護石Ⅰ,0
火炎の護石Ⅱ,0
火炎の護石Ⅲ,0
火炎の護石Ⅳ,0
火炎の護石Ⅴ,0
流水の護石Ⅰ,0
流水の護石Ⅱ,0
流水の護石Ⅲ,0
流水の護石Ⅳ,0
流水の護石Ⅴ,0
雷光の護石Ⅰ,0
雷光の護石Ⅱ,0
雷光の護石Ⅲ,0
雷光の護石Ⅳ,0
雷光の護石Ⅴ,0
毒撃の護石Ⅰ,0
毒撃の護石Ⅱ,0
毒撃の護石Ⅲ,0
毒撃の護石Ⅳ,0
痺撃の護石Ⅰ,0
痺撃の護石Ⅱ,0
痺撃の護石Ⅲ,0
痺撃の護石Ⅳ,0
睡撃の護石Ⅰ,0
睡撃の護石Ⅱ,0
睡撃の護石Ⅲ,0
睡撃の護石Ⅳ,0
ＫＯの護石Ⅰ,0
ＫＯの護石Ⅱ,0
ＫＯの護石Ⅲ,0
奪気の護石Ⅰ,0
奪気の護石Ⅱ,0
奪気の護石Ⅲ,0
砲術の護石Ⅰ,0
砲術の護石Ⅱ,0
砲術の護石Ⅲ,0
無食の護石Ⅰ,0
無食の護石Ⅱ,0
無食の護石Ⅲ,0
鉄壁の護石Ⅰ,0
鉄壁の護石Ⅱ,0
鉄壁の護石Ⅲ,0
鉄壁の護石Ⅳ,0
鉄壁の護石Ⅴ,0
友愛の護石Ⅰ,0
友愛の護石Ⅱ,0
友愛の護石Ⅲ,0
友愛の護石Ⅳ,0
友愛の護石Ⅴ,0
持続の護石Ⅰ,0
持続の護石Ⅱ,0
持続の護石Ⅲ,0
早食の護石Ⅰ,0
早食の護石Ⅱ,0
早食の護石Ⅲ,0
加護の護石Ⅰ,0
加護の護石Ⅱ,0
加護の護石Ⅲ,0
采配の護石Ⅰ,0
采配の護石Ⅱ,0
采配の護石Ⅲ,0
采配の護石Ⅳ,0
采配の護石Ⅴ,0
植学の護石Ⅰ,0
植学の護石Ⅱ,0
植学の護石Ⅲ,0
植学の護石Ⅳ,0
地学の護石Ⅰ,0
地学の護石Ⅱ,0
地学の護石Ⅲ,0
投石の護石Ⅰ,0
投石の護石Ⅱ,0
投石の護石Ⅲ,0
潜伏の護石Ⅰ,0
潜伏の護石Ⅱ,0
潜伏の護石Ⅲ,0
環境の護石Ⅰ,0
環境の護石Ⅱ,0
環境の護石Ⅲ,0
沼渡りの護石Ⅰ,0
沼渡りの護石Ⅱ,0
沼渡りの護石Ⅲ,0
昆虫学の護石Ⅰ,0
昆虫学の護石Ⅱ,0
昆虫学の護石Ⅲ,0
威嚇の護石Ⅰ,0
威嚇の護石Ⅱ,0
威嚇の護石Ⅲ,0
砲撃手の護石Ⅰ,0
砲撃手の護石Ⅱ,0
小食の護石,0
追跡の護石,0
不屈の護石,0
笛吹きの護石,0
笛吹きの護石Ⅱ,0
装填の護石,0
耐裂の護石Ⅰ,0
耐裂の護石Ⅱ,0
耐裂の護石Ⅲ,0
早復の護石Ⅰ,0
早復の護石Ⅱ,0
早復の護石Ⅲ,0
耐氷の護石Ⅰ,0
耐氷の護石Ⅱ,0
耐氷の護石Ⅲ,0
耐属の護石Ⅰ,0
耐属の護石Ⅱ,0
耐属の護石Ⅲ,0
氷結の護石Ⅰ,0
氷結の護石Ⅱ,0
氷結の護石Ⅲ,0
氷結の護石Ⅳ,0
氷結の護石Ⅴ,0
達人の護石Ⅰ,0
達人の護石Ⅱ,0
達人の護石Ⅲ,0
達人の護石Ⅳ,0
達人の護石Ⅴ,0
回避の護石Ⅰ,0
回避の護石Ⅱ,0
回避の護石Ⅲ,0
回避の護石Ⅳ,0
回避の護石Ⅴ,0
納刀の護石Ⅰ,0
納刀の護石Ⅱ,0
納刀の護石Ⅲ,0
研磨の護石Ⅰ,0
研磨の護石Ⅱ,0
研磨の護石Ⅲ,0
耐爆の護石Ⅰ,0
耐爆の護石Ⅱ,0
耐爆の護石Ⅲ,0
耐龍の護石Ⅰ,0
耐龍の護石Ⅱ,0
耐龍の護石Ⅲ,0
破龍の護石Ⅰ,0
破龍の護石Ⅱ,0
破龍の護石Ⅲ,0
破龍の護石Ⅳ,0
破龍の護石Ⅴ,0
爆破の護石Ⅰ,0
爆破の護石Ⅱ,0
爆破の護石Ⅲ,0
爆破の護石Ⅳ,0
抜刀の護石Ⅰ,0
抜刀の護石Ⅱ,0
抜刀の護石Ⅲ,0
特射の護石Ⅰ,0
特射の護石Ⅱ,0
強走の護石Ⅰ,0
強走の護石Ⅱ,0
強走の護石Ⅲ,0
体術の護石Ⅰ,0
体術の護石Ⅱ,0
体術の護石Ⅲ,0
体術の護石Ⅳ,0
体術の護石Ⅴ,0
早気の護石Ⅰ,0
早気の護石Ⅱ,0
早気の護石Ⅲ,0
跳躍の護石Ⅰ,0
跳躍の護石Ⅱ,0
跳躍の護石Ⅲ,0
爆師の護石Ⅰ,0
爆師の護石Ⅱ,0
爆師の護石Ⅲ,0
茸好の護石Ⅰ,0
茸好の護石Ⅱ,0
茸好の護石Ⅲ,0
覚醒の護石Ⅰ,0
覚醒の護石Ⅱ,0
覚醒の護石Ⅲ,0
匠の護石Ⅰ,0
匠の護石Ⅱ,0
匠の護石Ⅲ,0
匠の護石Ⅳ,0
匠の護石Ⅴ,0
泥浴びの護石,0
仕掛け弾の護石,0
狩猟生活の護石,0
調達の護石,0
採集鉄人の護石,0
耐防の護石Ⅰ,0
耐防の護石Ⅱ,0
耐防の護石Ⅲ,0
耳栓の護石Ⅰ,0
耳栓の護石Ⅱ,0
耳栓の護石Ⅲ,0
耳栓の護石Ⅳ,0
耳栓の護石Ⅴ,0
耐震の護石Ⅰ,0
耐震の護石Ⅱ,0
耐震の護石Ⅲ,0
痛撃の護石Ⅰ,0
痛撃の護石Ⅱ,0
痛撃の護石Ⅲ,0
集中の護石Ⅰ,0
集中の護石Ⅱ,0
集中の護石Ⅲ,0
重撃の護石Ⅰ,0
重撃の護石Ⅱ,0
重撃の護石Ⅲ,0
逆上の護石Ⅰ,0
逆上の護石Ⅱ,0
逆上の護石Ⅲ,0
逆上の護石Ⅳ,0
逆上の護石Ⅴ,0
底力の護石Ⅰ,0
底力の護石Ⅱ,0
底力の護石Ⅲ,0
底力の護石Ⅳ,0
底力の護石Ⅴ,0
整備の護石Ⅰ,0
整備の護石Ⅱ,0
整備の護石Ⅲ,0
全開の護石Ⅰ,0
全開の護石Ⅱ,0
全開の護石Ⅲ,0
全開の護石Ⅳ,0
全開の護石Ⅴ,0
挑戦の護石Ⅰ,0
挑戦の護石Ⅱ,0
挑戦の護石Ⅲ,0
挑戦の護石Ⅳ,0
挑戦の護石Ⅴ,0
無傷の護石Ⅰ,0
無傷の護石Ⅱ,0
無傷の護石Ⅲ,0
渾身の護石Ⅰ,0
渾身の護石Ⅱ,0
渾身の護石Ⅲ,0
耐衝の護石Ⅰ,0
耐衝の護石Ⅱ,0
耐衝の護石Ⅲ,0
耐瘴の護石Ⅰ,0
耐瘴の護石Ⅱ,0
耐瘴の護石Ⅲ,0
通常弾の護石,0
通常弾の護石Ⅱ,0
心頭滅却の護石,0
騎手の護石,0
調査達人の護石,0
超心の護石,0
超心の護石Ⅱ,0
超心の護石Ⅲ,0
昂揚の護石Ⅰ,0
昂揚の護石Ⅱ,0
昂揚の護石Ⅲ,0
貫通弾の護石,0
貫通弾の護石Ⅱ,0
散弾の護石,0
散弾の護石Ⅱ,0
毒瓶の護石,0
麻痺瓶の護石,0
睡眠瓶の護石,0
爆破瓶の護石,0
風水の護石,0
疾風の護石,0
滅龍の護石,0
堅守の護石,0
追い風の護石,0
削撃の護石,0
守勢の護石Ⅰ,0
守勢の護石Ⅱ,0
守勢の護石Ⅲ,0
転福の護石Ⅰ,0
転福の護石Ⅱ,0
転福の護石Ⅲ,0
剛力の護石,0
業物の護石,0
封印の護石,0
根性の護石,0
